<?xml version="1.0" encoding="UTF-8"?>
<project-private xmlns="http://www.netbeans.org/ns/project-private/1">
    <editor-bookmarks xmlns="http://www.netbeans.org/ns/editor-bookmarks/2" lastBookmarkId="0"/>
    <open-files xmlns="http://www.netbeans.org/ns/projectui-open-files/2">
        <group>
            <file>file:/C:/Users/GJPONCE/Documents/backup/Documents/UNIVERSIDAD/ESTRUCTURA%20DE%20DATOS/proyecto2/guessing/test/testArbolBinario.java</file>
            <file>file:/C:/Users/GJPONCE/Documents/backup/Documents/UNIVERSIDAD/ESTRUCTURA%20DE%20DATOS/proyecto2/guessing/src/controller/ViewThinkAnimalController.java</file>
            <file>file:/C:/Users/GJPONCE/Documents/backup/Documents/UNIVERSIDAD/ESTRUCTURA%20DE%20DATOS/proyecto2/guessing/src/model/Database.java</file>
            <file>file:/C:/Users/GJPONCE/Documents/backup/Documents/UNIVERSIDAD/ESTRUCTURA%20DE%20DATOS/proyecto2/guessing/src/controller/controllerViewUploadFile.java</file>
            <file>file:/C:/Users/GJPONCE/Documents/backup/Documents/UNIVERSIDAD/ESTRUCTURA%20DE%20DATOS/proyecto2/guessing/src/model/arbolBinario.java</file>
            <file>file:/C:/Users/GJPONCE/Documents/backup/Documents/UNIVERSIDAD/ESTRUCTURA%20DE%20DATOS/proyecto2/guessing/src/controller/Guessing.java</file>
            <file>file:/C:/Users/GJPONCE/Documents/backup/Documents/UNIVERSIDAD/ESTRUCTURA%20DE%20DATOS/proyecto2/guessing/src/model/Nodo.java</file>
            <file>file:/C:/Users/GJPONCE/Documents/backup/Documents/UNIVERSIDAD/ESTRUCTURA%20DE%20DATOS/proyecto2/guessing/src/view/viewQuestion.fxml</file>
            <file>file:/C:/Users/GJPONCE/Documents/backup/Documents/UNIVERSIDAD/ESTRUCTURA%20DE%20DATOS/proyecto2/guessing/src/controller/ViewQuestionController.java</file>
        </group>
    </open-files>
</project-private>
